{"cameraMode":{"drawMode":0,"name":"Shaded","section":"Shading Mode"},"sceneLighting":false,"audioPlay":false,"sceneViewState":{"showFog":true,"showMaterialUpdate":false,"showSkybox":false,"showFlares":true,"showImageEffects":true,"showParticleSystems":true},"in2DMode":false,"pivot":{"x":1.7501134872436524,"y":2.36605167388916,"z":-0.6043100357055664},"rotation":{"x":-0.11957795917987824,"y":0.21570713818073274,"z":-0.02662736177444458,"w":-0.9687427878379822},"size":3.1763737201690676,"orthographic":false}